"Iteration"	"LogProbability"	"CurrentDecryptedText"	"CorrectText"
1	-180.218266945586	"lsps bk kfvs kjvhys zsrz"	0
2	-180.218266945586	"lsps bk kfvs kgvhys zsrz"	0
3	-180.218266945586	"msps bk kfvs kgvhys zsrz"	0
4	-180.218266945586	"msps bk kfvs kgvhes zsrz"	0
5	-180.218266945586	"msps bk kfvs kgvhes zsrz"	0
6	-180.218266945586	"msks bp pfvs pgvhes zsrz"	0
7	-180.218266945586	"msks bp pfvs pgvues zsrz"	0
8	-180.218266945586	"msks bp pfus pguves zsrz"	0
9	-180.218266945586	"msks bp pfus pguvts zsrz"	0
10	-180.218266945586	"msks bp pfus pguvws zsrz"	0
11	-180.218266945586	"msks tp pfus pguvws zsrz"	0
12	-180.218266945586	"nsks tp pfus pguvws zsrz"	0
13	-180.218266945586	"nsks tp pfus pguvws zsrz"	0
14	-180.218266945586	"nsks tp pfus pguvws zsrz"	0
15	-180.218266945586	"nsks tp pfus pguvws zsrz"	0
16	-180.218266945586	"nsks tp pfus pguvbs zsrz"	0
17	-180.218266945586	"nsks tp pfus pguvbs zsrz"	0
18	-180.218266945586	"nsks tp pfus pguvxs zsrz"	0
19	-180.218266945586	"nsks tp pfbs pgbvxs zsrz"	0
20	-180.218266945586	"niki tp pfbi pgbvxi zirz"	0
21	-180.218266945586	"tiki np pfbi pgbvxi zirz"	0
22	-180.218266945586	"tidi np pfbi pgbvxi zirz"	0
23	-180.218266945586	"tidi np pfbi pcbvxi zirz"	0
24	-180.218266945586	"tidi np pfbi pcbwxi zirz"	0
25	-180.218266945586	"tidi np pfbi pcbwxi lirl"	0
26	-180.218266945586	"tidi nj jfbi jcbwxi lirl"	0
27	-180.218266945586	"tidi hj jfbi jcbwxi lirl"	0
28	-180.218266945586	"tidi hj jwbi jcbfxi lirl"	0
29	-180.218266945586	"tidi hj jwbi jcbfyi lirl"	0
30	-180.218266945586	"eidi hj jwbi jcbfyi lirl"	0
31	-180.218266945586	"eisi hj jwbi jcbfyi lirl"	0
32	-180.218266945586	"eici hj jwbi jsbfyi lirl"	0
33	-180.218266945586	"eici hj jwbi jsbzyi lirl"	0
34	-180.218266945586	"yici hj jwbi jsbzei lirl"	0
35	-180.218266945586	"yici hj jwbi jsbzei lirl"	0
36	-180.218266945586	"ypcp hj jwbp jsbzep lprl"	0
37	-180.218266945586	"ypcp hj jwbp jsbzep lprl"	0
38	-180.218266945586	"yrcr hj jwbr jsbzer lrpl"	0
39	-180.218266945586	"yrcr hj jwzr jszber lrpl"	0
40	-180.218266945586	"yrcr hj jwzr jszber lrdl"	0
41	-180.218266945586	"yrcr hj jwzr jmzber lrdl"	0
42	-180.218266945586	"yrcr hj jwzr jmzber lrdl"	0
43	-180.218266945586	"yrcr hj jwzr jmzber lrdl"	0
44	-180.218266945586	"lrcr hj jwzr jmzber yrdy"	0
45	-180.218266945586	"lrcr hj jwzr jmzber yrdy"	0
46	-180.218266945586	"lrcr hj jwzr jmzber yrdy"	0
47	-180.218266945586	"vrcr hj jwzr jmzber yrdy"	0
48	-180.218266945586	"vrcr hj jwzr jmzber yrdy"	0
49	-180.218266945586	"srcr hj jwzr jmzber yrdy"	0
50	-180.218266945586	"srcr hj jwzr jmzver yrdy"	0
51	-180.218266945586	"srcr hu uwzr umzver yrdy"	0
52	-180.218266945586	"srcr hu uwzr umzter yrdy"	0
53	-180.218266945586	"srcr lu uwzr umzter yrdy"	0
54	-180.218266945586	"srcr lu uwzr umzter yrdy"	0
55	-180.218266945586	"srcr lu uwzr umzher yrdy"	0
56	-180.218266945586	"srcr lu uwzr umzher yroy"	0
57	-180.218266945586	"srjr lu uwzr umzher yroy"	0
58	-180.218266945586	"srjr lu uwzr umzher yroy"	0
59	-180.218266945586	"srjr lu uwzr umzher yroy"	0
60	-180.218266945586	"srjr lu uwzr umzher yroy"	0
61	-180.218266945586	"srjr lu uwzr umzhfr yroy"	0
62	-180.218266945586	"srjr lu uwzr umzhfr yroy"	0
63	-180.218266945586	"sryr lu uwzr umzhfr jroj"	0
64	-155.944183873909	"srur ly ywzr ymzhfr jroj"	0
65	-155.944183873909	"srur ly ywzr ymzhfr jroj"	0
66	-153.652403076466	"srur lo owzr omzhfr jryj"	0
67	-153.652403076466	"grur lo owzr omzhfr jryj"	0
68	-153.652403076466	"nrur lo owzr omzhfr jryj"	0
69	-153.652403076466	"nrur lo owgr omghfr jryj"	0
70	-153.652403076466	"nrur lo ocgr omghfr jryj"	0
71	-153.652403076466	"nrur lo ocgr omghfr srys"	0
72	-153.652403076466	"nwuw lo ocgw omghfw swys"	0
73	-152.008114697486	"nwuw do ocgw omghfw swys"	0
74	-152.008114697486	"nwuw do ocgw omgvfw swys"	0
75	-152.008114697486	"nwuw do ocgw omgvfw swys"	0
76	-152.008114697486	"nlul do ocgl omgvfl slys"	0
77	-152.008114697486	"nlul do ocgl omgvfl slhs"	0
78	-152.008114697486	"nlul do ocgl ohgvfl slms"	0
79	-152.008114697486	"nlul do ofgl ohgvcl slms"	0
80	-152.008114697486	"nlul do ofgl ohgvjl slms"	0
81	-152.008114697486	"nlul do ofil ohivjl slms"	0
82	-152.008114697486	"nlul do ofil ohivjl slms"	0
83	-152.008114697486	"nlul do ofil otivjl slms"	0
84	-152.008114697486	"nlul do ofil otivjl slms"	0
85	-152.008114697486	"nlul do ofil otivjl slms"	0
86	-152.008114697486	"nlul do ofil otivjl slms"	0
87	-152.008114697486	"nljl do ofil otivul slms"	0
88	-152.008114697486	"nljl do ofwl otwvul slms"	0
89	-148.39161491754	"nljl to ofwl odwvul slms"	0
90	-148.39161491754	"eljl to ofwl odwvul slms"	0
91	-148.39161491754	"efjf to olwf odwvuf sfms"	0
92	-148.39161491754	"efjf to olwf odwvuf sfms"	0
93	-148.39161491754	"efjf to olwf odwvuf sfms"	0
94	-148.39161491754	"efjf to olwf oywvuf sfms"	0
95	-148.39161491754	"efjf to olwf oywvuf sfas"	0
96	-148.39161491754	"efjf to olwf oywvuf sfas"	0
97	-148.39161491754	"efjf to olwf oywvuf sfas"	0
98	-148.39161491754	"ehjh to olwh oywvuh shas"	0
99	-148.39161491754	"ehgh to olwh oywvuh shas"	0
100	-148.39161491754	"ehgh to olwh oywvuh shas"	0
101	-148.39161491754	"ehgh to olwh oywruh shas"	0
102	-148.39161491754	"ehgh to olwh oywruh shas"	0
103	-148.39161491754	"ehgh to olwh oywruh shvs"	0
104	-148.39161491754	"ehgh to olwh oywruh shvs"	0
105	-148.39161491754	"ehgh to olwh oywruh shvs"	0
106	-148.39161491754	"ehgh to olwh oywruh shvs"	0
107	-148.39161491754	"ehgh to olwh oywruh shvs"	0
108	-148.39161491754	"ihgh to olwh oywruh shvs"	0
109	-148.39161491754	"ihgh to olwh oywruh shvs"	0
110	-148.39161491754	"ihgh to olwh oywreh shvs"	0
111	-148.39161491754	"ihmh to olwh oywreh shvs"	0
112	-148.39161491754	"ihmh to olwh oywreh khvk"	0
113	-148.39161491754	"ihmh to olsh oysreh khvk"	0
114	-148.39161491754	"ihah to olsh oysreh khvk"	0
115	-148.39161491754	"vhah to olsh oysreh khik"	0
116	-148.39161491754	"lhah to ovsh oysreh khik"	0
117	-148.39161491754	"lhsh to ovah oyareh khik"	0
118	-148.39161491754	"lhsh to ovah oyareh khik"	0
119	-148.39161491754	"lfsf to ovaf oyaref kfik"	0
120	-148.39161491754	"wfsf to ovaf oyaref kfik"	0
121	-148.39161491754	"wfsf to ovaf oyarlf kfik"	0
122	-148.39161491754	"wfsf to ovaf oyarlf kfik"	0
123	-148.39161491754	"wfsf to ovaf oyarlf kfik"	0
124	-148.39161491754	"wfsf to ovaf oyarlf kfik"	0
125	-148.39161491754	"wfsf to ovaf oharlf kfik"	0
126	-148.39161491754	"wfsf to ovaf oharlf kfik"	0
127	-148.39161491754	"jfsf to ovaf oharlf kfik"	0
128	-148.39161491754	"jfsf to ovaf oharlf kfik"	0
129	-148.39161491754	"jfsf to ovaf oharlf kfik"	0
130	-148.39161491754	"jfsf to ovaf oharlf kfik"	0
131	-148.39161491754	"jfsf to ovaf oharlf kfzk"	0
132	-148.39161491754	"jfsf to ovaf oharlf kfzk"	0
133	-148.39161491754	"jfsf to ovaf oharmf kfzk"	0
134	-148.39161491754	"jfvf to osaf oharmf kfzk"	0
135	-148.39161491754	"jfvf to osrf ohramf kfzk"	0
136	-148.39161491754	"kfvf to osrf ohramf jfzj"	0
137	-148.39161491754	"kfzf to osrf ohramf jfvj"	0
138	-148.39161491754	"kfzf to osrf ohramf jfbj"	0
139	-148.39161491754	"kfzf to oscf ohcamf jfbj"	0
140	-148.39161491754	"kfzf to oscf ohcamf jfbj"	0
141	-148.39161491754	"kfzf to oscf ohcamf jfyj"	0
142	-148.39161491754	"kfzf to ospf ohpamf jfyj"	0
143	-148.39161491754	"kfzf to ospf ohpamf dfyd"	0
144	-148.39161491754	"kfzf to ospf ohpamf dfyd"	0
145	-148.39161491754	"kfzf to ospf ohpamf dfyd"	0
146	-148.39161491754	"kfzf to ospf orpamf dfyd"	0
147	-148.39161491754	"kfzf to osnf ornamf dfyd"	0
148	-148.39161491754	"kfzf to osnf ornawf dfyd"	0
149	-148.39161491754	"kfzf to osnf ornawf dfyd"	0
150	-148.39161491754	"kfef to osnf ornawf dfyd"	0
151	-148.39161491754	"kfef to osnf ornawf dfyd"	0
152	-148.39161491754	"efkf to osnf ornawf dfyd"	0
153	-148.39161491754	"efkf to osnf ornauf dfyd"	0
154	-148.39161491754	"efkf to osnf ounarf dfyd"	0
155	-148.39161491754	"efkf to osnf ounarf dfyd"	0
156	-148.39161491754	"efkf to onsf ousarf dfyd"	0
157	-148.39161491754	"efkf to onsf ousarf dfyd"	0
158	-148.39161491754	"efkf to onsf ousarf dfwd"	0
159	-148.39161491754	"efqf to onsf ousarf dfwd"	0
160	-148.39161491754	"efqf to ogsf ousarf dfwd"	0
161	-148.39161491754	"efqf to ogsf ousarf dfwd"	0
162	-148.39161491754	"efqf to ogsf ousalf dfwd"	0
163	-148.39161491754	"efqf to ogsf ousalf dfwd"	0
164	-148.39161491754	"efqf to ogsf ousalf dfwd"	0
165	-148.39161491754	"efqf to ogsf ouslaf dfwd"	0
166	-148.39161491754	"qfef to ogsf ouslaf dfwd"	0
167	-148.39161491754	"qfef to ogsf ouslaf dfwd"	0
168	-148.39161491754	"qfef to ogvf ouvlaf dfwd"	0
169	-148.39161491754	"qfef to ogvf ouvlaf dfwd"	0
170	-148.39161491754	"qfef to ogvf ouvlaf dfwd"	0
171	-148.39161491754	"qfef to ogvf ouvlaf dfwd"	0
172	-148.39161491754	"hfef to ogvf ouvlaf dfwd"	0
173	-148.39161491754	"hfef to ogvf ojvlaf dfwd"	0
174	-148.39161491754	"hfef to ogvf ojvlaf dfwd"	0
175	-148.39161491754	"hfef to ogvf ojvlaf dfqd"	0
176	-148.39161491754	"hcec to ogvc ojvlac dcqd"	0
177	-148.39161491754	"hcec to ogvc ojvlac dcqd"	0
178	-148.39161491754	"hcec to ogvc ojvlac dcqd"	0
179	-148.39161491754	"hcec to ogvc ojvlac dcqd"	0
180	-148.39161491754	"hcec to ogvc ojvlac dcqd"	0
181	-148.39161491754	"hcec to ogvc ojvlac dcqd"	0
182	-148.39161491754	"hcec to ogvc ojvlac dcqd"	0
183	-148.39161491754	"hcgc to oevc ojvlac dcqd"	0
184	-148.39161491754	"hcgc to oevc ojvlac dcqd"	0
185	-148.39161491754	"hcxc to oevc ojvlac dcqd"	0
186	-148.39161491754	"hcxc to oevc ojvlac dcqd"	0
187	-148.39161491754	"hcxc to oegc ojglac dcqd"	0
188	-148.39161491754	"hcxc to oegc ojglac dcqd"	0
189	-148.39161491754	"hcxc to oegc ojglac dcqd"	0
190	-148.39161491754	"hcxc to oegc onglac dcqd"	0
191	-148.39161491754	"hcxc to oegc onglac dcqd"	0
192	-148.39161491754	"hcxc to oegc onglac qcdq"	0
193	-148.39161491754	"hcxc to oegc ongmac qcdq"	0
194	-148.39161491754	"hcxc to oegc ongmac qcdq"	0
195	-148.39161491754	"hcxc to oegc ongmac qcdq"	0
196	-148.39161491754	"hcxc to oegc ongmac qcdq"	0
197	-148.39161491754	"hcxc to oegc ongmac qcdq"	0
198	-148.39161491754	"hcxc to oegc ongmac qcjq"	0
199	-148.39161491754	"hcxc to oegc ongmac qcjq"	0
200	-148.39161491754	"hcxc to oegc ongmac qcjq"	0
201	-148.39161491754	"hcxc to oegc owgmac qcjq"	0
202	-148.39161491754	"hcxc to oegc owgmac qcjq"	0
203	-148.39161491754	"hcxc to oemc owmgac qcjq"	0
204	-148.39161491754	"hcxc to oemc owmgyc qcjq"	0
205	-148.39161491754	"hcxc to oemc owmgyc qcjq"	0
206	-148.39161491754	"hcxc to oemc owmgyc qcjq"	0
207	-148.39161491754	"hcxc to oemc ormgyc qcjq"	0
208	-148.39161491754	"ucxc to oemc ormgyc qcjq"	0
209	-148.39161491754	"cuxu to oemu ormgyu qujq"	0
210	-148.39161491754	"cuxu to oemu ormgyu qujq"	0
211	-148.39161491754	"cuxu to oemu ojmgyu qurq"	0
212	-148.39161491754	"cuxu to oemu ojmgyu qurq"	0
213	-148.39161491754	"cuxu to oemu ojmgyu qurq"	0
214	-148.39161491754	"cuxu to oemu ojmgyu qurq"	0
215	-148.39161491754	"cuxu to oemu ojmgyu burb"	0
216	-148.39161491754	"cuxu to oemu ojmgyu burb"	0
217	-148.39161491754	"cjxj to oemj oumgyj bjrb"	0
218	-148.39161491754	"cjxj to oemj oumgyj bjrb"	0
219	-148.39161491754	"cjxj to oenj oungyj bjrb"	0
220	-148.39161491754	"cjxj to oenj oungyj bjrb"	0
221	-148.39161491754	"cjxj to oenj ovngyj bjrb"	0
222	-148.39161491754	"cjxj to oepj ovpgyj bjrb"	0
223	-148.39161491754	"cjxj to oekj ovkgyj bjrb"	0
224	-148.39161491754	"cjwj to oekj ovkgyj bjrb"	0
225	-148.39161491754	"cjwj to oevj okvgyj bjrb"	0
226	-148.39161491754	"cjwj to oevj okvgyj bjrb"	0
227	-148.39161491754	"cjwj to oevj okvgyj bjrb"	0
228	-148.39161491754	"cjwj to oevj okvgyj bjxb"	0
229	-148.39161491754	"cjwj to oevj okvgyj bjxb"	0
230	-148.39161491754	"cjwj to oevj okvgyj bjxb"	0
231	-148.39161491754	"cjsj to oevj okvgyj bjxb"	0
232	-148.39161491754	"cjsj to oevj okvgyj bjxb"	0
233	-148.39161491754	"cjsj to oevj okvgyj bjxb"	0
234	-150.861307852222	"cjsj no oevj okvgyj bjxb"	0
235	-150.861307852222	"cjsj no oxvj okvgyj bjeb"	0
236	-150.861307852222	"cjsj no oxvj okvgyj bjeb"	0
237	-150.861307852222	"cjsj no olvj okvgyj bjeb"	0
238	-150.861307852222	"cjsj no olvj okvgyj bjeb"	0
239	-150.861307852222	"cjkj no olvj osvgyj bjeb"	0
240	-150.861307852222	"cjkj no olij osigyj bjeb"	0
241	-150.861307852222	"csks no olis ojigys bseb"	0
242	-150.861307852222	"csks no ohis ojigys bseb"	0
243	-150.861307852222	"csks no ohis ojigys bseb"	0
244	-150.861307852222	"csks no ohis ojigys bseb"	0
245	-150.861307852222	"csks no ohis ojigys bseb"	0
246	-150.861307852222	"csks no ohis ojigys bsab"	0
247	-150.861307852222	"cyky no ohiy ojigsy byab"	0
248	-150.861307852222	"cyky no ohiy ojigsy eyae"	0
249	-150.861307852222	"ceke no ohie ojigse yeay"	0
250	-150.861307852222	"ceke no ohie ojigde yeay"	0
251	-150.861307852222	"ceme no ohie ojigde yeay"	0
252	-150.861307852222	"ceme no ohie ojigde yeay"	0
253	-150.861307852222	"ceme no ohie ojigde yeby"	0
254	-150.861307852222	"czmz no ohiz ojigdz yzby"	0
255	-150.861307852222	"cztz no ohiz ojigdz yzby"	0
256	-150.861307852222	"cztz no ohiz ojigdz yzby"	0
257	-150.861307852222	"cztz no ohiz ojigdz yzby"	0
258	-150.861307852222	"cztz no ohiz ojigdz yzuy"	0
259	-150.861307852222	"cztz no ohiz ojigdz yzuy"	0
260	-150.861307852222	"cztz no ohiz ojigdz yzuy"	0
261	-150.861307852222	"cztz no ohiz ojigdz yzuy"	0
262	-150.861307852222	"czkz no ohiz ojigdz yzuy"	0
263	-150.861307852222	"czkz no ohiz oqigdz yzuy"	0
264	-150.861307852222	"azkz no ohiz oqigdz yzuy"	0
265	-150.861307852222	"azkz no ohiz oqigdz yzuy"	0
266	-149.360364341404	"azkz on nhiz nqigdz yzuy"	0
267	-149.360364341404	"azkz on nhiz nqigdz yzxy"	0
268	-149.360364341404	"azjz on nhiz nqigdz yzxy"	0
269	-149.360364341404	"azjz on nhiz nqigdz yzxy"	0
270	-149.360364341404	"azjz on nhiz nqigdz yzxy"	0
271	-149.360364341404	"azjz on nhiz nqigdz yzxy"	0
272	-149.360364341404	"azjz on nhiz nqigdz yzxy"	0
273	-149.360364341404	"azjz on nhiz nqigdz yzxy"	0
274	-149.360364341404	"azjz on nhiz nqigdz ezxe"	0
275	-149.360364341404	"azjz on nhiz nqigxz ezde"	0
276	-149.360364341404	"azjz on nhiz nqigmz ezde"	0
277	-149.360364341404	"azjz on nhiz nqigmz ezde"	0
278	-149.360364341404	"azjz on nhiz nqigmz ezde"	0
279	-149.360364341404	"aqjq on nhiq nzigmq eqde"	0
280	-149.360364341404	"aqjq on nhiq nzifmq eqde"	0
281	-149.360364341404	"aqjq on nhiq nzifmq eqde"	0
282	-149.360364341404	"aqjq on nhiq nzifmq eqde"	0
283	-149.360364341404	"aqjq on nhiq nkifmq eqde"	0
284	-149.360364341404	"aqjq on nhiq nkismq eqde"	0
285	-149.360364341404	"aqjq on nhiq nkismq eqde"	0
286	-149.360364341404	"amjm on nhim nkisqm emde"	0
287	-149.360364341404	"amjm on nhim nkisqm emde"	0
288	-149.360364341404	"amjm on nhtm nktsqm emde"	0
289	-149.360364341404	"amjm on nhtm nktsqm emde"	0
290	-149.360364341404	"amjm on nhtm nktsqm umdu"	0
291	-149.360364341404	"amjm on nitm nktsqm umdu"	0
292	-149.360364341404	"amjm on nitm nctsqm umdu"	0
293	-149.360364341404	"dmjm on nitm nctsqm umau"	0
294	-149.360364341404	"dmjm on nitm nctsqm umwu"	0
295	-149.360364341404	"dmjm on niem ncesqm umwu"	0
296	-149.360364341404	"dmjm on niem ncesqm umwu"	0
297	-149.360364341404	"cmjm on niem ndesqm umwu"	0
298	-133.604309746981	"cmjm od diem dnesqm umwu"	0
299	-133.604309746981	"cmjm od diem dneuqm smws"	0
300	-133.604309746981	"cmjm od diem dneuqm smws"	0
301	-133.604309746981	"cmsm od diem dneuqm jmwj"	0
302	-133.604309746981	"zmsm od diem dneuqm jmwj"	0
303	-133.604309746981	"zmsm od diem dxeuqm jmwj"	0
304	-133.604309746981	"zmhm od diem dxeuqm jmwj"	0
305	-133.604309746981	"zmhm od diem dxeuqm jmwj"	0
306	-133.604309746981	"zmam od diem dxeuqm jmwj"	0
307	-133.604309746981	"zmam od diem dxeuqm jmwj"	0
308	-133.604309746981	"zmam od diem dxeuqm jmwj"	0
309	-133.604309746981	"zmam od diem dxeuqm jmwj"	0
310	-133.604309746981	"zmam od diem dxeuqm jmwj"	0
311	-133.604309746981	"zmam od diem dxeuqm jmwj"	0
312	-133.604309746981	"zmam od diem dxeuqm jmwj"	0
313	-133.604309746981	"zmam od diem dxeuqm jmwj"	0
314	-133.604309746981	"zmam od diem dxeuqm jmwj"	0
315	-133.604309746981	"zmam od diem dxeuqm lmwl"	0
316	-133.604309746981	"zmam od diem dxeugm lmwl"	0
317	-133.604309746981	"zmam od diem dxeugm lmwl"	0
318	-133.604309746981	"zmam od diem dxeugm lmwl"	0
319	-133.604309746981	"zmam od diem dxeugm rmwr"	0
320	-133.604309746981	"zmam od diem dxeugm rmwr"	0
321	-133.604309746981	"zmam od diem dxeugm rmwr"	0
322	-133.604309746981	"zmam od diem dxeugm rmwr"	0
323	-133.604309746981	"zmam od diem dxeugm rmwr"	0
324	-133.604309746981	"zmam od diem dxeugm rmwr"	0
325	-133.604309746981	"zmam od diem dxeugm rmwr"	0
326	-133.604309746981	"zmam od diem dxefgm rmwr"	0
327	-133.604309746981	"zmam od diem dxefgm qmwq"	0
328	-133.604309746981	"zmam od diem dxefum qmwq"	0
329	-133.604309746981	"zmam od diem dxefum qmwq"	0
330	-133.604309746981	"zmam od diem dxefum qmwq"	0
331	-133.604309746981	"zmam od diem dxefum qmwq"	0
332	-133.604309746981	"zmam od diem dxefum qmnq"	0
333	-133.604309746981	"zmam od diem dxefum qmnq"	0
334	-133.604309746981	"zmam od diem dxefum qmnq"	0
335	-133.604309746981	"zmsm od diem dxefum qmnq"	0
336	-133.604309746981	"zmsm od diem dxefum qmnq"	0
337	-133.604309746981	"zmsm od diem dxefum qmnq"	0
338	-133.604309746981	"smzm od diem dxefum qmnq"	0
339	-133.604309746981	"smzm od diem dxefum qmnq"	0
340	-133.604309746981	"smzm od diem dxefum qmnq"	0
341	-133.604309746981	"smzm od diem dxefum qmnq"	0
342	-133.029662191144	"seze od dime dxmfue qenq"	0
343	-133.029662191144	"seze od dime dxmfue qenq"	0
344	-133.029662191144	"seze od dime dxmfue qenq"	0
345	-133.029662191144	"seze od dime dxmfye qenq"	0
346	-133.029662191144	"seze od dime dxmfye qenq"	0
347	-133.029662191144	"seze od dime dxmfye qenq"	0
348	-133.029662191144	"seze od dime dxmfye qenq"	0
349	-133.029662191144	"seze od dime dxmfbe qenq"	0
350	-133.029662191144	"seze od dime dxmfbe qevq"	0
351	-133.029662191144	"seze od dime dxmfbe qevq"	0
352	-133.029662191144	"seze od dime dxmbfe qevq"	0
353	-133.029662191144	"seze od dime dxmkfe qevq"	0
354	-133.029662191144	"seze od dime dxmkfe qevq"	0
355	-133.029662191144	"seze od dime dxmkfe qevq"	0
356	-133.029662191144	"seze od dime dxmkfe qevq"	0
357	-133.029662191144	"seve od dime dxmkfe qezq"	0
358	-133.029662191144	"seve od dime dumkfe qezq"	0
359	-133.029662191144	"feve od dime dumkse qezq"	0
360	-133.029662191144	"feve od dime dumkge qezq"	0
361	-133.029662191144	"feve od dime dumkge qezq"	0
362	-133.029662191144	"feve od dime dumkge qerq"	0
363	-133.029662191144	"feve od dime dumkge qerq"	0
364	-133.029662191144	"feve od dime dumjge qerq"	0
365	-133.029662191144	"feve od dime dumrge qejq"	0
366	-133.029662191144	"feve od dime dumrge qejq"	0
367	-133.029662191144	"feve od dime dumrge nejn"	0
368	-133.029662191144	"feve od dime dumrge nejn"	0
369	-133.029662191144	"feve od dime dxmrge nejn"	0
370	-133.029662191144	"feve od dime dxmrge nejn"	0
371	-133.029662191144	"feve od dime dxmrge nejn"	0
372	-114.298366557378	"weve od dime dxmrge nejn"	0
373	-114.298366557378	"weve od dime dxmrge nejn"	0
374	-114.298366557378	"weve od dime dxmrge nejn"	0
375	-114.298366557378	"weve od dime dxmrge nejn"	0
376	-114.298366557378	"weve od dime dxmrge nejn"	0
377	-114.298366557378	"weve od dime dxmrge nejn"	0
378	-114.298366557378	"weve od dime dxmrge nejn"	0
379	-114.298366557378	"weve od dime dxmrge nejn"	0
380	-114.298366557378	"weve od dime dxmrge nejn"	0
381	-114.298366557378	"weve od dime dxmrge nejn"	0
382	-114.298366557378	"weve od dime dxmrge nejn"	0
383	-114.298366557378	"weve od dime dxmrge nejn"	0
384	-114.298366557378	"weve od dime dxmrge nejn"	0
385	-114.298366557378	"weve od dime dxmlge nejn"	0
386	-114.298366557378	"weve od dime dxmlge nejn"	0
387	-114.298366557378	"weve od dime dxmlge nejn"	0
388	-114.298366557378	"weve od dime dxmuge nejn"	0
389	-114.298366557378	"weve od dime dkmuge nejn"	0
390	-114.298366557378	"weve od dime drmuge nejn"	0
391	-114.298366557378	"weve od dime drmuge nejn"	0
392	-114.298366557378	"weve od dime drmuge nejn"	0
393	-114.298366557378	"weve od dime drmuge nefn"	0
394	-114.298366557378	"weve od dime drmuge nefn"	0
395	-114.298366557378	"weve od dime drmuge nefn"	0
396	-114.298366557378	"weve od dime drmuge nefn"	0
397	-114.298366557378	"weve od dime drmuge nefn"	0
398	-114.298366557378	"weve od dime drmuge nefn"	0
399	-113.63296708787	"weve os sime srmuge nefn"	0
400	-113.63296708787	"weve os sime srmuge nefn"	0
401	-113.63296708787	"weve os sime srmuge nefn"	0
402	-113.63296708787	"weve os sime spmuge nefn"	0
403	-113.63296708787	"weve os sime spmuge nefn"	0
404	-113.63296708787	"weve os sime spmuge nefn"	0
405	-113.63296708787	"weve os sime spmuge nefn"	0
406	-113.63296708787	"weve os sime spmuge nefn"	0
407	-109.02309195733	"weve as sime spmuge nefn"	0
408	-109.02309195733	"weve as sime spmuge nefn"	0
409	-109.02309195733	"weve as sime spmuke nefn"	0
410	-109.02309195733	"weve as sime spmuke yefy"	0
411	-109.02309195733	"weve as sime spmuke yefy"	0
412	-109.02309195733	"weve as sime spmfke yeuy"	0
413	-109.02309195733	"weve as sime sdmfke yeuy"	0
414	-109.02309195733	"weve as sime sdmfke yeuy"	0
415	-109.02309195733	"weve as sime sdmfke yeuy"	0
416	-109.02309195733	"weve as sime sdmfke yeuy"	0
417	-109.02309195733	"weve as sime sdmfke yeuy"	0
418	-109.02309195733	"weve as sime sdmfoe yeuy"	0
419	-109.02309195733	"weve as sime sdmfoe yeby"	0
420	-109.02309195733	"weve as sime sdmfoe yeby"	0
421	-109.02309195733	"weve as sime sdmfoe yeby"	0
422	-109.02309195733	"weve as sime sdmfoe yeby"	0
423	-109.02309195733	"weve as sime sdmfoe yeby"	0
424	-109.02309195733	"weve as sime sdmfoe yeby"	0
425	-109.02309195733	"weve as sime sdmfoe yeby"	0
426	-109.02309195733	"weve as sime sdmfje yeby"	0
427	-109.02309195733	"weve as sime sdmfje yeby"	0
428	-109.02309195733	"weve as sime sdmfje yeby"	0
429	-109.02309195733	"weve as sime sdmfke yeby"	0
430	-109.02309195733	"weve as sime sdmfke yeby"	0
431	-109.02309195733	"weve as sime sdmfke yeby"	0
432	-109.02309195733	"weve as sime snmfke yeby"	0
433	-109.02309195733	"weve as sime snmfke yeby"	0
434	-107.346856563973	"weve as sire snrfke yeby"	0
435	-107.346856563973	"weve as sire snrfke yeby"	0
436	-107.346856563973	"weve as sire snrfke yeby"	0
437	-107.346856563973	"weve as sire snrcke yeby"	0
438	-107.346856563973	"weve as sire snrcke yeby"	0
439	-107.346856563973	"weve as sire snrcke yety"	0
440	-107.346856563973	"weve as sire snrcke yety"	0
441	-107.346856563973	"weve as sire snrcke yety"	0
442	-107.346856563973	"weve as sire snrcke yety"	0
443	-107.346856563973	"weve as sire snrcke yety"	0
444	-107.346856563973	"weve as sire snrcke yety"	0
445	-107.346856563973	"weve as sire snrcke yety"	0
446	-107.346856563973	"weve as sire snrcke yety"	0
447	-107.346856563973	"weve as sire snrcke yety"	0
448	-107.346856563973	"weve as sire snrcke yety"	0
449	-107.346856563973	"weve as sire snrcke yety"	0
450	-107.346856563973	"weve as sire snrcke yety"	0
451	-107.346856563973	"weve as sire snrcke yety"	0
452	-107.346856563973	"weve as sire snrcke yety"	0
453	-107.346856563973	"weve as sire snrcke yety"	0
454	-107.346856563973	"weve as sire snrcke yety"	0
455	-107.346856563973	"weve as sire snrcke yety"	0
456	-107.346856563973	"weve as sire snrcke yety"	0
457	-107.346856563973	"weve as sire snrcke yety"	0
458	-107.346856563973	"weve as sire snrcke yety"	0
459	-107.346856563973	"weve as sire snrcke yety"	0
460	-107.346856563973	"weve as sire snrcke yety"	0
461	-107.346856563973	"weve as sire snrcke uetu"	0
462	-107.346856563973	"weve as sire snrcke uezu"	0
463	-107.346856563973	"weve as sire snrcke uezu"	0
464	-107.346856563973	"weve as sire snrzke uecu"	0
465	-107.346856563973	"weve as sire snrzke uecu"	0
466	-107.346856563973	"weve as sire sdrzke uecu"	0
467	-107.346856563973	"weve as sire sdrzme uecu"	0
468	-107.346856563973	"weve as sire sdrzme uecu"	0
469	-107.346856563973	"weve as sire sdrzme uecu"	0
470	-107.346856563973	"weve as sire sdrzme uecu"	0
471	-107.346856563973	"weve as sire sdrzme uecu"	0
472	-107.346856563973	"weve as sire sdrzme ueou"	0
473	-109.739152356447	"weve us sire sdrzme aeoa"	0
474	-109.739152356447	"weve us sire sdrzme aeoa"	0
475	-109.739152356447	"weve us sire sdrzoe aema"	0
476	-109.739152356447	"weve us sire sdrzoe aema"	0
477	-109.739152356447	"weve us sire sdrzoe aema"	0
478	-109.739152356447	"weve us sire sdrzoe aema"	0
479	-110.280172882159	"weve us sore sdrzie aema"	0
480	-110.226105660888	"wene us sore sdrzie aema"	0
481	-110.226105660888	"wene us sore sdrzie aema"	0
482	-110.226105660888	"wene us sore sarzie demd"	0
483	-110.226105660888	"wene us sore sarzie demd"	0
484	-107.535755036885	"lene us sore sarzie demd"	0
485	-107.535755036885	"lene us sore sarzce demd"	0
486	-107.535755036885	"lene us sore sarzce demd"	0
487	-107.535755036885	"lene us sore sarzce yemy"	0
488	-107.535755036885	"lene us sore sarzce yemy"	0
489	-107.535755036885	"lene us sore sarzce yemy"	0
490	-107.535755036885	"lene us sore sarzce yemy"	0
491	-107.535755036885	"lene us sore sjrzce yemy"	0
492	-107.535755036885	"lene us sore sjrzce yemy"	0
493	-107.535755036885	"lene us sore sjrzce yemy"	0
494	-107.535755036885	"lene us sore sjrzpe yemy"	0
495	-107.535755036885	"lene us sore sjrzpe yemy"	0
496	-107.535755036885	"lene us sore sjrdpe yemy"	0
497	-107.535755036885	"lene us sore sjrdpe yehy"	0
498	-107.535755036885	"lene us sore sjrdpe yehy"	0
499	-107.535755036885	"lene us sore scrdpe yehy"	0
500	-107.535755036885	"lene us sore scrdpe yehy"	0
501	-107.535755036885	"lene us sore scrdpe yehy"	0
502	-107.535755036885	"lene us sore scrdpe yehy"	0
503	-107.535755036885	"lene us sore scrdpe kehk"	0
504	-107.535755036885	"lene us sore scrdpe kehk"	0
505	-107.535755036885	"lene us sore scrdpe kehk"	0
506	-107.535755036885	"lene us sore scrdpe kehk"	0
507	-107.535755036885	"lene us sore scrdpe kehk"	0
508	-107.535755036885	"lene us sore scrdpe kehk"	0
509	-107.535755036885	"lene us sore scrgpe kehk"	0
510	-107.535755036885	"lene us sore scrgpe kehk"	0
511	-105.143459244412	"lene as sore scrgpe kehk"	0
512	-105.143459244412	"lene as sore swrgpe kehk"	0
513	-105.143459244412	"lene as sore swrgpe kehk"	0
514	-105.143459244412	"lene as sore swrgpe kehk"	0
515	-105.143459244412	"lene as sore sjrgpe kehk"	0
516	-105.143459244412	"lene as sore sjrgpe kehk"	0
517	-105.143459244412	"lene as sore sjrgpe kehk"	0
518	-105.143459244412	"lene as sore sjrgpe kehk"	0
519	-105.143459244412	"lene as sore sfrgpe kehk"	0
520	-105.143459244412	"lene as sore sfrwpe kehk"	0
521	-105.143459244412	"lene as sore sfrwpe kehk"	0
522	-105.143459244412	"lene as sore sfrwpe kehk"	0
523	-105.143459244412	"lene as sore sfrwpe kehk"	0
524	-105.143459244412	"lene as sore sfrwpe kehk"	0
525	-105.143459244412	"lene as sore sfrwpe kehk"	0
526	-105.143459244412	"lene as sore sfrwpe kehk"	0
527	-105.143459244412	"lene as sore sfrwpe iehi"	0
528	-105.143459244412	"lene as sore sfrwpe iehi"	0
529	-105.143459244412	"lene as sore sfrwpe iehi"	0
530	-105.143459244412	"lene as sore sfrwpe iehi"	0
531	-105.143459244412	"lene as sore sfrwpe iehi"	0
532	-105.143459244412	"lene as sore sfrwpe iehi"	0
533	-105.143459244412	"lene as sore sfrwpe iehi"	0
534	-105.143459244412	"lene as sore sfrwpe iehi"	0
535	-105.143459244412	"lene as sore sfrwpe iehi"	0
536	-105.143459244412	"lene as sore sfrype iehi"	0
537	-103.379462572161	"bene as sore sfrype iehi"	0
538	-103.379462572161	"bene as sore sfrype iehi"	0
539	-103.379462572161	"bene as sore sfrype iehi"	0
540	-103.379462572161	"bene as sore sfrype iehi"	0
541	-103.379462572161	"bene as sore sfrype iehi"	0
542	-103.379462572161	"bene as sore sfrype iehi"	0
543	-103.379462572161	"bene as sore sfrype iehi"	0
544	-103.379462572161	"bene as sore sfrype iehi"	0
545	-103.379462572161	"bene as sore sfrype iehi"	0
546	-103.379462572161	"bene as sore sfrype iehi"	0
547	-103.379462572161	"bene as sore sfrype iehi"	0
548	-103.379462572161	"bene as sore sfrype iehi"	0
549	-103.379462572161	"bene as sore sfrype zehz"	0
550	-103.379462572161	"bene as sore sfrype zehz"	0
551	-103.379462572161	"bene as sore sfryge zehz"	0
552	-103.379462572161	"bene as sore sfryze gehg"	0
553	-103.379462572161	"bene as sore sfrwze gehg"	0
554	-103.379462572161	"bene as sore sfrwze gehg"	0
555	-103.379462572161	"bene as sore sfrjze gehg"	0
556	-103.379462572161	"bene as sore sfrjze gehg"	0
557	-103.379462572161	"bene as sore sfrjze gehg"	0
558	-103.379462572161	"bene as sore sfrjxe gehg"	0
559	-103.379462572161	"bene as sore sfrjxe gehg"	0
560	-103.379462572161	"bene as sore sfrjxe gehg"	0
561	-103.379462572161	"bene as sore sfrjxe gehg"	0
562	-103.379462572161	"bene as sore sfrjxe gehg"	0
563	-103.379462572161	"bene as sore sjrfxe gehg"	0
564	-103.379462572161	"bene as sore sjrfxe gehg"	0
565	-103.379462572161	"bene as sore sjrfxe gehg"	0
566	-103.379462572161	"bene as sore sjrfxe gehg"	0
567	-103.379462572161	"bene as sore sjrfxe gehg"	0
568	-103.379462572161	"bene as sore sjrfxe gehg"	0
569	-103.379462572161	"bene as sore sjrfxe gehg"	0
570	-103.379462572161	"bene as sore sjrfxe gehg"	0
571	-103.379462572161	"bene as sore sjrfxe gehg"	0
572	-103.379462572161	"bene as sore sjrfxe gehg"	0
573	-103.379462572161	"bene as sore sjrfxe gehg"	0
574	-103.379462572161	"bene as sore sjrfxe gehg"	0
575	-103.379462572161	"bene as sore sjrfxe gehg"	0
576	-103.379462572161	"bene as sore sjrfxe gehg"	0
577	-103.379462572161	"bene as sore sjrfxe gehg"	0
578	-103.379462572161	"bene as sore sjrfxe gehg"	0
579	-103.379462572161	"bene as sore sjrlxe gehg"	0
580	-103.379462572161	"bene as sore sjrlxe gehg"	0
581	-103.379462572161	"bene as sore sjrlxe gehg"	0
582	-103.379462572161	"bene as sore sjrlxe gehg"	0
583	-103.379462572161	"bene as sore sjrlxe gehg"	0
584	-103.379462572161	"bene as sore strlxe gehg"	0
585	-103.379462572161	"bene as sore strlxe gehg"	0
586	-97.050816284828	"bene as some stmlxe gehg"	0
587	-97.050816284828	"bene as some stmlxe gehg"	0
588	-97.050816284828	"bene as some stmlxe gehg"	0
589	-97.050816284828	"bene as some stmlxe gehg"	0
590	-97.050816284828	"bene as some stmlxe gecg"	0
591	-97.050816284828	"bene as some spmlxe gecg"	0
592	-97.050816284828	"bene as some spmlxe gecg"	0
593	-97.050816284828	"bene as some spmlxe gecg"	0
594	-97.050816284828	"bene as some spmlxe gecg"	0
595	-97.050816284828	"bene as some spmlxe gecg"	0
596	-97.050816284828	"bene as some srmlxe gecg"	0
597	-97.050816284828	"bene as some srmlxe gecg"	0
598	-97.050816284828	"bene as some srmlxe gecg"	0
599	-97.050816284828	"bene as some srmlxe gecg"	0
600	-97.050816284828	"bene as some srmlxe gecg"	0
601	-97.050816284828	"bene as some srmlxe gecg"	0
602	-97.050816284828	"bene as some srmlxe gecg"	0
603	-97.050816284828	"bene as some spmlxe gecg"	0
604	-97.050816284828	"bene as some spmlxe gecg"	0
605	-97.050816284828	"bene as some spmlxe gecg"	0
606	-97.050816284828	"bene as some spmlxe gecg"	0
607	-97.050816284828	"bene as some spmlxe gecg"	0
608	-97.050816284828	"bene as some spmlxe gecg"	0
609	-97.050816284828	"bene as some spmlxe gekg"	0
610	-97.050816284828	"bene as some spmlxe gekg"	0
611	-97.050816284828	"bene as some spmlxe gekg"	0
612	-97.050816284828	"bene as some spmlxe wekw"	0
613	-97.050816284828	"bene as some spmlxe wekw"	0
614	-97.050816284828	"bene as some spmlxe wekw"	0
615	-97.050816284828	"bene as some spmlxe wekw"	0
616	-97.050816284828	"bene as some spmlxe rekr"	0
617	-97.050816284828	"bene as some spmlxe rekr"	0
618	-97.050816284828	"bene as some spmrxe lekl"	0
619	-97.050816284828	"bene as some spmrxe lekl"	0
620	-97.050816284828	"bene as some spmrxe lekl"	0
621	-97.050816284828	"bene as some spmrxe lekl"	0
622	-97.050816284828	"bene as some spmrxe lekl"	0
623	-97.050816284828	"bene as some spmrxe cekc"	0
624	-97.050816284828	"bene as some spmrxe cekc"	0
625	-97.050816284828	"bene as some spmrxe cekc"	0
626	-97.050816284828	"bene as some spmrxe cekc"	0
627	-97.050816284828	"bene as some sdmrxe cekc"	0
628	-97.050816284828	"bene as some sdmrxe cekc"	0
629	-97.050816284828	"bene as some sdmrue cekc"	0
630	-97.050816284828	"bene as some sdmrue cekc"	0
631	-97.050816284828	"bene as some sdmvue cekc"	0
632	-97.050816284828	"bene as some sdmvue cekc"	0
633	-97.050816284828	"bene as some sdmvue cekc"	0
634	-97.050816284828	"bene as some sdmvue cekc"	0
635	-97.050816284828	"bene as some sdmvue cekc"	0
636	-97.050816284828	"bene as some symvue cekc"	0
637	-97.050816284828	"bene as some symvue cekc"	0
638	-97.050816284828	"bene as some symvue ieki"	0
639	-97.050816284828	"bene as some symvue ieki"	0
640	-97.050816284828	"bene as some symvue ieki"	0
641	-97.050816284828	"bene as some symvue ieki"	0
642	-97.050816284828	"bene as some symvue iewi"	0
643	-97.050816284828	"bene as some symvue iewi"	0
644	-97.050816284828	"bene as some symvue cewc"	0
645	-97.050816284828	"bene as some symvre cewc"	0
646	-97.050816284828	"bene as some symvre dewd"	0
647	-97.050816284828	"bene as some symvre dewd"	0
648	-97.050816284828	"bene as some symvre dewd"	0
649	-97.050816284828	"bene as some symvre dewd"	0
650	-97.050816284828	"bene as some symvre dewd"	0
651	-97.050816284828	"bene as some symvre dewd"	0
652	-97.050816284828	"bene as some symvre dewd"	0
653	-97.050816284828	"bene as some symvre iewi"	0
654	-97.050816284828	"bene as some symvre gewg"	0
655	-97.050816284828	"bene as some symvre gewg"	0
656	-97.050816284828	"bene as some symvre gewg"	0
657	-97.050816284828	"bene as some symvre gewg"	0
658	-97.050816284828	"bene as some symvre gewg"	0
659	-97.050816284828	"bene as some symvre gewg"	0
660	-97.050816284828	"bene as some symvre gewg"	0
661	-97.050816284828	"bene as some symvre gewg"	0
662	-97.050816284828	"bene as some symvre gewg"	0
663	-97.050816284828	"bene as some symvre gewg"	0
664	-97.050816284828	"bene as some sgmvre yewy"	0
665	-97.050816284828	"bene as some sgmvre yexy"	0
666	-97.050816284828	"bene as some sgmvre yexy"	0
667	-97.050816284828	"bene as some sgmvre yexy"	0
668	-97.050816284828	"bene as some sgmvre yexy"	0
669	-97.050816284828	"bene as some sgmvre yexy"	0
670	-97.050816284828	"bene as some sgmvre yexy"	0
671	-97.050816284828	"bene as some sgmkre yexy"	0
672	-97.050816284828	"bene as some sgmkre yexy"	0
673	-97.050816284828	"bene as some sgmkre yexy"	0
674	-94.3132983917019	"gene as some sbmkre yexy"	0
675	-94.3132983917019	"gene as some sbmkre yexy"	0
676	-94.3132983917019	"gene as some sbmkre yexy"	0
677	-94.3132983917019	"gene as some sbmkre yexy"	0
678	-94.3132983917019	"gene as some sbmkre yexy"	0
679	-94.3132983917019	"gene as some sbmkre yexy"	0
680	-94.3132983917019	"gene as some sumkre yexy"	0
681	-94.3132983917019	"gene as some sumkre jexj"	0
682	-94.3132983917019	"gene as some sumkre jexj"	0
683	-94.3132983917019	"gene as some sumkre jexj"	0
684	-94.3132983917019	"gene as some sumkre jexj"	0
685	-94.3132983917019	"gene as some sumkre jexj"	0
686	-94.3132983917019	"gene as some sumkre jexj"	0
687	-94.3132983917019	"gene as some sumkre jexj"	0
688	-94.3132983917019	"gene as some sumkre jexj"	0
689	-94.3132983917019	"gene as some sumkre jexj"	0
690	-94.3132983917019	"gene as some sumkre jexj"	0
691	-94.3132983917019	"gene as some sumkre jexj"	0
692	-94.3132983917019	"gene as some sumkre jexj"	0
693	-94.3132983917019	"gene as some sumkre jexj"	0
694	-94.3132983917019	"gene as some sumkre jexj"	0
695	-94.3132983917019	"gene as some sumkre jexj"	0
696	-94.3132983917019	"gene as some skmure jexj"	0
697	-94.3132983917019	"gene as some skmure jexj"	0
698	-94.3132983917019	"gene as some skmure jexj"	0
699	-94.3132983917019	"gene as some skmure jexj"	0
700	-94.3132983917019	"gene as some skmure jexj"	0
701	-94.3132983917019	"gene as some skmure jexj"	0
702	-94.3132983917019	"gene as some swmure jexj"	0
703	-94.3132983917019	"gene as some swmure jexj"	0
704	-94.3132983917019	"gene as some swmure jexj"	0
705	-94.3132983917019	"gene as some swmure jexj"	0
706	-94.3132983917019	"gene as some swmure jexj"	0
707	-94.3132983917019	"gene as some swmule jexj"	0
708	-94.3132983917019	"gene as some swmule jexj"	0
709	-94.3132983917019	"gene as some swmcle jexj"	0
710	-94.3132983917019	"gene as some swmcle jexj"	0
711	-94.3132983917019	"gene as some swmcle jexj"	0
712	-94.3132983917019	"gene as some swmcle jexj"	0
713	-94.3132983917019	"gene as some swmcle jexj"	0
714	-94.3132983917019	"gene as some swmcle jexj"	0
715	-94.3132983917019	"gene as some swmcle jepj"	0
716	-94.3132983917019	"gene as some swmcle jepj"	0
717	-94.3132983917019	"gene as some swmcle jepj"	0
718	-94.3132983917019	"gene as some swmcle jepj"	0
719	-94.3132983917019	"gene as some swmcle zepz"	0
720	-94.3132983917019	"gene as some swmcle zepz"	0
721	-94.3132983917019	"gene as some swmcle zepz"	0
722	-94.3132983917019	"gene as some swmcle zepz"	0
723	-94.3132983917019	"gene as some swmcle zepz"	0
724	-94.3132983917019	"gene as some swmcle zepz"	0
725	-94.3132983917019	"gene as some swmcle zepz"	0
726	-94.3132983917019	"gene as some swmcle zepz"	0
727	-94.3132983917019	"gene as some swmcle zepz"	0
728	-94.3132983917019	"gene as some swmcke zepz"	0
729	-94.3132983917019	"gene as some slmcke zepz"	0
730	-94.3132983917019	"gene as some slmcke zepz"	0
731	-94.3132983917019	"gene as some slmcke zepz"	0
732	-94.3132983917019	"gene as some slmcke zexz"	0
733	-94.3132983917019	"gene as some slmcke zexz"	0
734	-94.3132983917019	"gene as some slmcue zexz"	0
735	-94.3132983917019	"gene as some slmque zexz"	0
736	-94.3132983917019	"gene as some slmque zexz"	0
737	-94.3132983917019	"gene as some slmque zexz"	0
738	-94.3132983917019	"gene as some slmque zexz"	0
739	-94.3132983917019	"gene as some slmque zexz"	0
740	-94.3132983917019	"gene as some sqmlue zexz"	0
741	-94.3132983917019	"gene as some sqmlue zexz"	0
742	-94.3132983917019	"gene as some sqmlue zexz"	0
743	-94.3132983917019	"gene as some sqmlue zexz"	0
744	-94.3132983917019	"gene as some sqmbue zexz"	0
745	-94.3132983917019	"gene as some svmbue zexz"	0
746	-94.3132983917019	"gene as some simbue zexz"	0
747	-94.3132983917019	"gene as some simbue zexz"	0
748	-94.3132983917019	"gene as some simbue zetz"	0
749	-94.3132983917019	"gene as some simbue zepz"	0
750	-94.3132983917019	"gene as some simbue zepz"	0
751	-94.3132983917019	"gene as some simbue zepz"	0
752	-94.3132983917019	"gene as some simbue zepz"	0
753	-94.3132983917019	"gene as some simbue zepz"	0
754	-94.3132983917019	"gene as some simbue zepz"	0
755	-94.3132983917019	"gene as some simbue cepc"	0
756	-94.3132983917019	"gene as some simbue cepc"	0
757	-94.3132983917019	"gene as some simbue cepc"	0
758	-94.3132983917019	"gene as some simbue cepc"	0
759	-94.3132983917019	"gene as some simbue cepc"	0
760	-94.3132983917019	"gene as some simbue qepq"	0
761	-94.3132983917019	"gene as some simbue qepq"	0
762	-94.3132983917019	"gene as some simbue qepq"	0
763	-94.3132983917019	"gene as some simbue qepq"	0
764	-94.3132983917019	"gene as some simbue qepq"	0
765	-94.3132983917019	"gene as some simbue qepq"	0
766	-94.3132983917019	"gene as some simbue qepq"	0
767	-94.3132983917019	"gene as some simbue heph"	0
768	-94.3132983917019	"gene as some simbue heph"	0
769	-94.3132983917019	"gene as some stmbue heph"	0
770	-94.3132983917019	"gene as some stmbue heph"	0
771	-94.3132983917019	"gene as some stmble heph"	0
772	-94.3132983917019	"gene as some stmble heph"	0
773	-94.3132983917019	"gene as some stmble hedh"	0
774	-94.3132983917019	"gene as some slmbte hedh"	0
775	-94.3132983917019	"gene as some slmbte hedh"	0
776	-94.3132983917019	"gene as some slmbte hedh"	0
777	-94.3132983917019	"gene as some slmbte hedh"	0
778	-94.0620302743922	"gene is some slmbte hedh"	0
779	-94.0620302743922	"gene is some slmbte hedh"	0
780	-94.0620302743922	"gene is some slmbte hedh"	0
781	-94.0620302743922	"gene is some slmbte hedh"	0
782	-94.0620302743922	"gene is some slmbte hedh"	0
783	-94.0620302743922	"gene is some slmbte hedh"	0
784	-94.0620302743922	"gene is some slmbte hedh"	0
785	-94.0620302743922	"gene is some sdmbte helh"	0
786	-94.0620302743922	"gene is some sdmbte helh"	0
787	-94.0620302743922	"gene is some sdmbte helh"	0
788	-94.0620302743922	"gene is some sdmbte helh"	0
789	-94.0620302743922	"gene is some sdmbte helh"	0
790	-94.0620302743922	"gene is some sdmbte xelx"	0
791	-94.0620302743922	"gene is some sdmbte xelx"	0
792	-94.0620302743922	"gene is some sdmbte xelx"	0
793	-94.0620302743922	"gene is some sdmbte xelx"	0
794	-74.4834367802385	"gene is some sdmbte kelk"	0
795	-74.4834367802385	"gene is some symbte kelk"	0
796	-74.4834367802385	"gene is some symbte kelk"	0
797	-74.4834367802385	"gene is some symbte kelk"	0
798	-74.4834367802385	"gene is some symzte kelk"	0
799	-74.4834367802385	"gene is some symzte kelk"	0
800	-74.4834367802385	"gene is some szmyte kelk"	0
801	-74.4834367802385	"gene is some szmyte kelk"	0
802	-76.2751962494666	"gene is some szmyke telt"	0
803	-76.2751962494666	"gene is some szmyke telt"	0
804	-76.2751962494666	"gene is some szmkye telt"	0
805	-76.2751962494666	"gene is some szmkye telt"	0
806	-76.2751962494666	"gene is some szmkye telt"	0
807	-76.2751962494666	"gene is some szmkye telt"	0
808	-76.2751962494666	"gene is some szmkye telt"	0
809	-76.2751962494666	"gene is some szmkye telt"	0
810	-76.2751962494666	"gene is some szmkye telt"	0
811	-76.2751962494666	"gene is some szmkye telt"	0
812	-76.2751962494666	"gene is some szmkye telt"	0
813	-76.2751962494666	"gene is some szmkye telt"	0
814	-76.2751962494666	"gene is some szmkye telt"	0
815	-76.2751962494666	"gene is some szmkwe telt"	0
816	-76.2751962494666	"gene is some szmkwe telt"	0
817	-76.2751962494666	"gene is some szmkfe telt"	0
818	-76.2751962494666	"gene is some szmkfe telt"	0
819	-76.2751962494666	"gene is some szmkfe telt"	0
820	-76.2751962494666	"gene is some szmkfe telt"	0
821	-76.2751962494666	"gene is some szmkfe telt"	0
822	-76.2751962494666	"gene is some szmkfe telt"	0
823	-76.2751962494666	"gene is some szmkfe telt"	0
824	-76.2751962494666	"gene is some srmkfe telt"	0
825	-76.2751962494666	"gene is some srmkxe telt"	0
826	-76.2751962494666	"gene is some srmkxe telt"	0
827	-76.2751962494666	"gene is some srmkxe telt"	0
828	-76.2751962494666	"gene is some srmkxe telt"	0
829	-76.2751962494666	"gene is some spmkxe telt"	0
830	-76.2751962494666	"gene is some spmkwe telt"	0
831	-76.2751962494666	"gene is some spmkwe telt"	0
832	-76.2751962494666	"gene is some spmkwe telt"	0
833	-76.2751962494666	"gene is some spmkwe telt"	0
834	-76.2751962494666	"gene is some spmkwe telt"	0
835	-76.2751962494666	"gene is some spmkwe telt"	0
836	-76.2751962494666	"gene is some spmkwe telt"	0
837	-76.2751962494666	"gene is some spmkwe telt"	0
838	-76.2751962494666	"gene is some sqmkwe telt"	0
839	-76.2751962494666	"gene is some sqmkwe telt"	0
840	-76.2751962494666	"gene is some sqmkwe telt"	0
841	-76.2751962494666	"gene is some shmkwe telt"	0
842	-76.2751962494666	"gene is some shmkwe telt"	0
843	-76.2751962494666	"gene is some shmkwe telt"	0
844	-76.2751962494666	"gene is some shmkwe telt"	0
845	-76.2751962494666	"gene is some shmkwe telt"	0
846	-76.2751962494666	"gene is some shmkwe telt"	0
847	-76.2751962494666	"gene is some shmkwe telt"	0
848	-76.2751962494666	"gene is some shmkwe telt"	0
849	-76.2751962494666	"gene is some shmkwe telt"	0
850	-76.2751962494666	"gene is some shmkwe telt"	0
851	-76.2751962494666	"gene is some shmkwe telt"	0
852	-76.2751962494666	"gene is some shmkwe telt"	0
853	-76.2751962494666	"gene is some shmkwe telt"	0
854	-76.2751962494666	"gene is some shmkwe telt"	0
855	-76.2751962494666	"gene is some shmkwe telt"	0
856	-76.2751962494666	"gene is some shmkwe telt"	0
857	-76.2751962494666	"gene is some shmkwe telt"	0
858	-76.2751962494666	"gene is some shmkwe telt"	0
859	-76.2751962494666	"gene is some sumkwe telt"	0
860	-76.2751962494666	"gene is some sumkwe telt"	0
861	-76.2751962494666	"gene is some sumkwe telt"	0
862	-76.2751962494666	"gene is some sumkwe telt"	0
863	-76.2751962494666	"gene is some sumkae telt"	0
864	-76.2751962494666	"gene is some sumkae telt"	0
865	-76.2751962494666	"gene is some sumkae telt"	0
866	-76.2751962494666	"gene is some sumqae telt"	0
867	-76.2751962494666	"gene is some sumqae telt"	0
868	-76.2751962494666	"gene is some sumqae telt"	0
869	-76.2751962494666	"gene is some sumqae telt"	0
870	-76.2751962494666	"gene is some sumqae telt"	0
871	-76.2751962494666	"gene is some sumqae telt"	0
872	-76.2751962494666	"gene is some sumqae telt"	0
873	-76.2751962494666	"gene is some sumqae telt"	0
874	-76.2751962494666	"gene is some sumqae telt"	0
875	-76.2751962494666	"gene is some sumqae telt"	0
876	-76.2751962494666	"gene is some sumqae telt"	0
877	-76.2751962494666	"gene is some sumqae telt"	0
878	-76.2751962494666	"gene is some sumqae telt"	0
879	-76.2751962494666	"gene is some sumqae telt"	0
880	-76.2751962494666	"gene is some sumqae telt"	0
881	-76.2751962494666	"gene is some sumqze telt"	0
882	-76.2751962494666	"gene is some sumxze telt"	0
883	-76.2751962494666	"gene is some sumxze telt"	0
884	-76.2751962494666	"gene is some sfmxze telt"	0
885	-76.2751962494666	"gene is some sfmxze telt"	0
886	-76.2751962494666	"gene is some sfmxze telt"	0
887	-76.2751962494666	"gene is some sfmxze telt"	0
888	-76.2751962494666	"gene is some sfmxze telt"	0
889	-76.2751962494666	"gene is some sfmxze telt"	0
890	-76.2751962494666	"gene is some sfmxze telt"	0
891	-76.2751962494666	"gene is some sfmxze telt"	0
892	-76.2751962494666	"gene is some sfmxze telt"	0
893	-76.2751962494666	"gene is some sfmxze telt"	0
894	-76.2751962494666	"gene is some shmxze telt"	0
895	-76.2751962494666	"gene is some shmxze telt"	0
896	-76.2751962494666	"gene is some shmqze telt"	0
897	-76.2751962494666	"gene is some shmqze telt"	0
898	-76.2751962494666	"gene is some shmqze telt"	0
899	-76.2751962494666	"gene is some shmqze telt"	0
900	-76.2751962494666	"gene is some shmqze telt"	0
901	-76.2751962494666	"gene is some shmqze telt"	0
902	-76.2751962494666	"gene is some shmqze telt"	0
903	-76.2751962494666	"gene is some shmqze telt"	0
904	-76.2751962494666	"gene is some shmqze telt"	0
905	-76.2751962494666	"gene is some shmqze telt"	0
906	-76.2751962494666	"gene is some shmqze telt"	0
907	-66.7799669880591	"gene is some shmqze text"	0
908	-66.7799669880591	"gene is some symqze text"	0
909	-66.7799669880591	"gene is some symqze text"	0
910	-66.7799669880591	"gene is some symqze text"	0
911	-66.7799669880591	"gene is some symqze text"	0
912	-66.7799669880591	"gene is some symqze text"	0
913	-66.7799669880591	"gene is some symqze text"	0
914	-66.7799669880591	"gene is some symqze text"	0
915	-66.7799669880591	"gene is some symqze text"	0
916	-66.7799669880591	"gene is some symqze text"	0
917	-66.7799669880591	"gene is some symqze text"	0
918	-66.7799669880591	"gene is some symqze text"	0
919	-66.7799669880591	"gene is some symqze text"	0
920	-66.7799669880591	"gene is some symqze text"	0
921	-66.7799669880591	"gene is some symqze text"	0
922	-66.7799669880591	"gene is some symqze text"	0
923	-66.7799669880591	"gene is some symqze text"	0
924	-66.7799669880591	"gene is some symqze text"	0
925	-66.7799669880591	"gene is some sjmqze text"	0
926	-66.7799669880591	"gene is some sjmqze text"	0
927	-66.7799669880591	"gene is some sjmqze text"	0
928	-66.7799669880591	"gene is some sjmqze text"	0
929	-66.7799669880591	"gene is some sjmqze text"	0
930	-66.7799669880591	"gene is some sjmqbe text"	0
931	-66.7799669880591	"gene is some sjmqbe text"	0
932	-66.7799669880591	"gene is some sjmqbe text"	0
933	-66.7799669880591	"gene is some sjmqbe text"	0
934	-66.7799669880591	"gene is some sjmqbe text"	0
935	-66.7799669880591	"gene is some sjmqbe text"	0
936	-66.7799669880591	"gene is some sjmqbe text"	0
937	-66.7799669880591	"gene is some sjmdbe text"	0
938	-66.7799669880591	"gene is some samdbe text"	0
939	-66.7799669880591	"gene is some samdbe text"	0
940	-66.7799669880591	"gene is some samzbe text"	0
941	-66.7799669880591	"gene is some samzbe text"	0
942	-66.7799669880591	"gene is some samzbe text"	0
943	-66.7799669880591	"gene is some samzbe text"	0
944	-66.7799669880591	"gene is some samzbe text"	0
945	-66.7799669880591	"gene is some samzbe text"	0
946	-66.7799669880591	"gene is some samzbe text"	0
947	-66.7799669880591	"gene is some samzqe text"	0
948	-66.7799669880591	"gene is some samzqe text"	0
949	-66.7799669880591	"gene is some samzqe text"	0
950	-66.7799669880591	"gene is some samzqe text"	0
951	-66.7799669880591	"gene is some samzqe text"	0
952	-66.7799669880591	"gene is some samzqe text"	0
953	-66.7799669880591	"gene is some samzqe text"	0
954	-66.7799669880591	"gene is some samzqe text"	0
955	-66.7799669880591	"gene is some samvqe text"	0
956	-66.7799669880591	"gene is some samvqe text"	0
957	-66.7799669880591	"gene is some samvqe text"	0
958	-66.7799669880591	"gene is some samvke text"	0
959	-66.7799669880591	"gene is some samvye text"	0
960	-66.7799669880591	"gene is some samvye text"	0
961	-66.7799669880591	"gene is some samjye text"	0
962	-66.7799669880591	"gene is some samjye text"	0
963	-66.7799669880591	"gene is some samjye text"	0
964	-66.7799669880591	"gene is some samjye text"	0
965	-66.7799669880591	"gene is some samjye text"	0
966	-66.7799669880591	"gene is some samjye text"	0
967	-66.7799669880591	"gene is some samjye text"	0
968	-66.7799669880591	"gene is some samjye text"	0
969	-66.7799669880591	"gene is some samjye text"	0
970	-66.7799669880591	"gene is some samjye text"	0
971	-66.7799669880591	"gene is some samjye text"	0
972	-66.7799669880591	"gene is some samjye text"	0
973	-66.7799669880591	"gene is some samkye text"	0
974	-66.7799669880591	"gene is some samkye text"	0
975	-66.7799669880591	"gene is some samkye text"	0
976	-66.7799669880591	"gene is some samkye text"	0
977	-66.7799669880591	"gene is some samkye text"	0
978	-66.7799669880591	"gene is some samkye text"	0
979	-66.7799669880591	"gene is some samkye text"	0
980	-66.7799669880591	"gene is some szmkye text"	0
981	-66.7799669880591	"gene is some szmaye text"	0
982	-66.7799669880591	"gene is some szmaye text"	0
983	-66.7799669880591	"gene is some szmaye text"	0
984	-66.7799669880591	"gene is some szmaye text"	0
985	-66.7799669880591	"gene is some szmaye text"	0
986	-66.7799669880591	"gene is some szmaye text"	0
987	-66.7799669880591	"gene is some szmaye text"	0
988	-66.7799669880591	"gene is some szmaye text"	0
989	-66.7799669880591	"gene is some szmaye text"	0
990	-66.7799669880591	"gene is some szmaye text"	0
991	-66.7799669880591	"gene is some szmaye text"	0
992	-66.7799669880591	"gene is some szmaye text"	0
993	-66.7799669880591	"gene is some szmaye text"	0
994	-66.7799669880591	"gene is some szmaye text"	0
995	-66.7799669880591	"gene is some swmaye text"	0
996	-66.7799669880591	"gene is some swmaye text"	0
997	-66.7799669880591	"gene is some swmaje text"	0
998	-66.7799669880591	"gene is some swmaje text"	0
999	-66.7799669880591	"gene is some swmaje text"	0
1000	-66.7799669880591	"gene is some swmaje text"	0
